id;foto;foto_content_type;nome;sobrenome;email;telefone;id_user
1;../fake-data/blob/hipster.png;image/png;holistic Architect;blue Rubber;"Ce@)_^S";"(26) 4605-7473";ad14e972-27a3-4dfa-9ab8-cfce1c6a00d6
2;../fake-data/blob/hipster.png;image/png;Unbranded alarm synthesize;neural;"Y6Y9@!U_";"(30) 5296-0251";78f346e8-22d7-4af3-9240-2a2076c2cb5c
3;../fake-data/blob/hipster.png;image/png;withdrawal invoice;generating;"fqcC@P,$";"(13) 47548-1953";df89c0ed-edea-410c-81f9-591973be5364
4;../fake-data/blob/hipster.png;image/png;Response;Macao;"(>@f)";"(75) 8201-7821";c0a7ec6e-6b48-4591-9037-1def938ec865
5;../fake-data/blob/hipster.png;image/png;leverage Chips quantify;Factors cross-platform New Jersey;"q{C?GS@p";"(94) 74394-8158";1a0ccd31-a5a9-4108-8a99-95ffa5761a0e
6;../fake-data/blob/hipster.png;image/png;intangible indexing generate;Credit Card Account Handmade Steel Mouse;"^'[De[@N[+<";"(92) 62305-9852";13b4bf6a-0462-4005-9e7c-166dca9e8988
7;../fake-data/blob/hipster.png;image/png;Beauty;Frozen Infrastructure;"r[I67[@w(`";"(35) 4651-5033";dae68c0b-17d4-48e1-b3c3-88afbda2407d
8;../fake-data/blob/hipster.png;image/png;web-readiness;Tasty;"EG@MBCj";"(68) 6548-6819";e998d998-7826-43be-b0b3-54582392ddad
9;../fake-data/blob/hipster.png;image/png;application Ergonomic Frozen Shoes Martinique;Maine payment Brazilian Real;"#@RpnrL*";"(24) 93974-4698";ef72d461-8dde-4802-b97b-b3648fb6f2c5
10;../fake-data/blob/hipster.png;image/png;Auto Loan Account Greece;Mouse;"djb>I@g:";"(32) 5473-2412";08319cbc-f7d3-481a-b6ec-2d7c83008813
